{
  "theta0": 8499.070410109827,
  "theta1": -0.021443727028325414
}