{"theta0": 8499.59631298251, "theta1": -0.0214489551708193}